{
  "day": {
    "timeframe": "day",
    "entry_params": {
      "rsi_threshold": 35,
      "bb_threshold": 0.18901243225465914,
      "volume_threshold": 1.5646645710179963,
      "stoch_threshold": 27.392749835868994,
      "adx_threshold": 38
    },
    "exit_params": {
      "rsi_threshold": 61.81846541865189,
      "bb_threshold": 2.396450366198467,
      "stoch_threshold": 89.28473059619282
    },
    "performance": {
      "total_return": 454.96353564739167,
      "win_rate": 1.0,
      "avg_profit": 454.9635356473917,
      "num_trades": 1,
      "sharpe_ratio": 0.0,
      "fitness": 292.978121388435
    },
    "logbook": "gen\tnevals\tavg    \tmax    \tmin      \n0  \t50    \t13.5714\t71.6234\t-16.884  \n1  \t39    \t28.0313\t71.6234\t-17.7703 \n2  \t33    \t40.8082\t143.838\t-2.67956 \n3  \t38    \t51.6828\t292.978\t-1.67074 \n4  \t42    \t89.7389\t292.978\t0        \n5  \t37    \t104.779\t269.345\t-0.850215\n6  \t41    \t158.993\t269.345\t17.1036  \n7  \t45    \t181.727\t292.978\t0        \n8  \t35    \t221.907\t292.978\t0        \n9  \t46    \t260.212\t292.978\t0        \n10 \t35    \t278.819\t292.978\t0        \n11 \t35    \t292.033\t292.978\t269.345  \n12 \t42    \t284.491\t292.978\t0        \n13 \t39    \t287.397\t292.978\t37.5794  \n14 \t32    \t281.259\t292.978\t0        \n15 \t30    \t287.347\t292.978\t11.4366  \n16 \t27    \t279.877\t292.978\t0        \n17 \t37    \t292.978\t292.978\t292.978  \n18 \t33    \t284.491\t292.978\t0        \n19 \t41    \t287.158\t292.978\t49.2511  \n20 \t43    \t281.259\t292.978\t0        \n21 \t34    \t287.119\t292.978\t0        \n22 \t41    \t281.259\t292.978\t0        \n23 \t34    \t282.808\t292.978\t0        \n24 \t35    \t282.645\t292.978\t0        \n25 \t30    \t290.102\t292.978\t172.828  \n26 \t38    \t279.644\t292.978\t0        \n27 \t42    \t286.646\t292.978\t0        \n28 \t37    \t290.823\t292.978\t185.22   \n29 \t41    \t280.675\t292.978\t32.9407  \n30 \t34    \t281.259\t292.978\t0        "
  },
  "minute240": {
    "timeframe": "minute240",
    "entry_params": {
      "rsi_threshold": 39.48275737910213,
      "bb_threshold": -0.2765977372316916,
      "volume_threshold": 1.370077792887957,
      "stoch_threshold": 28.697361396393635,
      "adx_threshold": 27.158261200075653
    },
    "exit_params": {
      "rsi_threshold": 57,
      "bb_threshold": 1.3468067160052715,
      "stoch_threshold": 93.53293190179927
    },
    "performance": {
      "total_return": 477.38241925903804,
      "win_rate": 1.0,
      "avg_profit": 140.58774850621182,
      "num_trades": 2,
      "sharpe_ratio": 11.706592640353723,
      "fitness": 329.8426368361303
    },
    "logbook": "gen\tnevals\tavg    \tmax    \tmin     \n0  \t50    \t12.0595\t53.4804\t-9.52716\n1  \t44    \t21.3282\t53.4804\t-1.89973\n2  \t35    \t32.5793\t53.4804\t-3.01777\n3  \t40    \t39.8472\t53.4804\t0       \n4  \t35    \t49.1631\t58.2194\t13.4387 \n5  \t37    \t53.5655\t128.907\t17.7525 \n6  \t42    \t71.1744\t277.762\t29.2295 \n7  \t31    \t99.282 \t282.062\t19.6808 \n8  \t37    \t127.712\t282.062\t0       \n9  \t32    \t156.757\t282.062\t0       \n10 \t38    \t218.913\t282.062\t0       \n11 \t39    \t256.34 \t282.062\t0       \n12 \t32    \t282.062\t282.062\t282.062 \n13 \t32    \t258.926\t282.062\t0       \n14 \t38    \t266.952\t282.062\t0       \n15 \t41    \t277.68 \t289.067\t128.907 \n16 \t40    \t266.274\t289.067\t0       \n17 \t42    \t281.562\t289.067\t130.968 \n18 \t38    \t272.531\t289.067\t0       \n19 \t36    \t272.053\t289.067\t0       \n20 \t43    \t272.949\t289.067\t7.48724 \n21 \t37    \t280.075\t289.067\t11.5349 \n22 \t36    \t283.286\t289.067\t0       \n23 \t38    \t283.146\t289.067\t0       \n24 \t33    \t256.219\t289.067\t0       \n25 \t34    \t274.311\t329.843\t0       \n26 \t39    \t266.952\t329.843\t0       \n27 \t43    \t286.131\t329.843\t173.638 \n28 \t34    \t279.349\t329.843\t0       \n29 \t39    \t288.102\t329.843\t0       \n30 \t34    \t309.102\t329.843\t11.9523 "
  }
}