{
  "S": {
    "count": 560,
    "win_rate": 1.0,
    "avg_return": 0.23243403453370978,
    "median_return": 0.19863710684831914,
    "std_return": 0.18365281675499684,
    "sharpe": 1.265616496608325,
    "p25": 0.1048008380539978,
    "p75": 0.3201884292535089
  },
  "A": {
    "count": 10,
    "win_rate": 1.0,
    "avg_return": 0.12879011867836462,
    "median_return": 0.1010235829378363,
    "std_return": 0.10580776417746257,
    "sharpe": 1.2172085827497088,
    "p25": 0.0489696824184912,
    "p75": 0.1677855090224403
  },
  "B": {
    "count": 5,
    "win_rate": 1.0,
    "avg_return": 0.07007471543469689,
    "median_return": 0.0356532084169826,
    "std_return": 0.08931813129877898,
    "sharpe": 0.7845519651579952,
    "p25": 0.0183265457238059,
    "p75": 0.0501886877725803
  },
  "C": {
    "count": 398,
    "win_rate": 1.0,
    "avg_return": 0.17541329583435666,
    "median_return": 0.13508679669448248,
    "std_return": 0.15299769010244282,
    "sharpe": 1.14650943891313,
    "p25": 0.051342189421729204,
    "p75": 0.2634225948490745
  }
}