{
  "S": {
    "count": 570,
    "win_rate": 1.0,
    "avg_return": 0.040102246329504265,
    "median_return": 0.0319077100709459,
    "std_return": 0.028668974162085692,
    "sharpe": 1.3988029743505406,
    "p25": 0.020217421771297574,
    "p75": 0.0502076555212966
  },
  "A": {
    "count": 6860,
    "win_rate": 1.0,
    "avg_return": 0.03590297828208125,
    "median_return": 0.027067535948772502,
    "std_return": 0.02719161058187091,
    "sharpe": 1.320369684391492,
    "p25": 0.016789532115993523,
    "p75": 0.044761885587153126
  },
  "B": {
    "count": 273,
    "win_rate": 1.0,
    "avg_return": 0.03540862786083539,
    "median_return": 0.0269613796453728,
    "std_return": 0.028560658614955922,
    "sharpe": 1.2397693042797513,
    "p25": 0.0169837257771274,
    "p75": 0.0447402368945701
  },
  "C": {
    "count": 6645,
    "win_rate": 1.0,
    "avg_return": 0.03316855829415216,
    "median_return": 0.0253919710544452,
    "std_return": 0.025579595349246153,
    "sharpe": 1.2966803360761396,
    "p25": 0.0162644318958385,
    "p75": 0.0412179893222332
  }
}