{
  "S": {
    "count": 3121,
    "win_rate": 1.0,
    "avg_return": 0.022205457716208916,
    "median_return": 0.0177771689305246,
    "std_return": 0.013369659055461553,
    "sharpe": 1.6608843669156925,
    "p25": 0.0131707989825002,
    "p75": 0.0267077349760657
  },
  "A": {
    "count": 1717,
    "win_rate": 1.0,
    "avg_return": 0.02068173138256535,
    "median_return": 0.0169566461210371,
    "std_return": 0.010937190629090885,
    "sharpe": 1.8909546412728517,
    "p25": 0.01283549650407,
    "p75": 0.0253039867813413
  },
  "B": {
    "count": 384,
    "win_rate": 1.0,
    "avg_return": 0.020526966774533598,
    "median_return": 0.01689647974809095,
    "std_return": 0.011572102722741248,
    "sharpe": 1.7738320568304706,
    "p25": 0.0127657620722185,
    "p75": 0.024159364383033698
  },
  "C": {
    "count": 4028,
    "win_rate": 1.0,
    "avg_return": 0.019931586479274482,
    "median_return": 0.01623795829854975,
    "std_return": 0.010986990965234311,
    "sharpe": 1.814107842842794,
    "p25": 0.012338518184053624,
    "p75": 0.023651069132852226
  }
}