{
  "minute15": {
    "S": {
      "count": 3121,
      "win_rate": 1.0,
      "avg_return": 0.022205457716208916,
      "median_return": 0.0177771689305246,
      "std_return": 0.013369659055461553,
      "sharpe": 1.6608843669156925,
      "p25": 0.0131707989825002,
      "p75": 0.0267077349760657
    },
    "A": {
      "count": 1717,
      "win_rate": 1.0,
      "avg_return": 0.02068173138256535,
      "median_return": 0.0169566461210371,
      "std_return": 0.010937190629090885,
      "sharpe": 1.8909546412728517,
      "p25": 0.01283549650407,
      "p75": 0.0253039867813413
    },
    "B": {
      "count": 384,
      "win_rate": 1.0,
      "avg_return": 0.020526966774533598,
      "median_return": 0.01689647974809095,
      "std_return": 0.011572102722741248,
      "sharpe": 1.7738320568304706,
      "p25": 0.0127657620722185,
      "p75": 0.024159364383033698
    },
    "C": {
      "count": 4028,
      "win_rate": 1.0,
      "avg_return": 0.019931586479274482,
      "median_return": 0.01623795829854975,
      "std_return": 0.010986990965234311,
      "sharpe": 1.814107842842794,
      "p25": 0.012338518184053624,
      "p75": 0.023651069132852226
    }
  },
  "minute60": {
    "S": {
      "count": 570,
      "win_rate": 1.0,
      "avg_return": 0.040102246329504265,
      "median_return": 0.0319077100709459,
      "std_return": 0.028668974162085692,
      "sharpe": 1.3988029743505406,
      "p25": 0.020217421771297574,
      "p75": 0.0502076555212966
    },
    "A": {
      "count": 6860,
      "win_rate": 1.0,
      "avg_return": 0.03590297828208125,
      "median_return": 0.027067535948772502,
      "std_return": 0.02719161058187091,
      "sharpe": 1.320369684391492,
      "p25": 0.016789532115993523,
      "p75": 0.044761885587153126
    },
    "B": {
      "count": 273,
      "win_rate": 1.0,
      "avg_return": 0.03540862786083539,
      "median_return": 0.0269613796453728,
      "std_return": 0.028560658614955922,
      "sharpe": 1.2397693042797513,
      "p25": 0.0169837257771274,
      "p75": 0.0447402368945701
    },
    "C": {
      "count": 6645,
      "win_rate": 1.0,
      "avg_return": 0.03316855829415216,
      "median_return": 0.0253919710544452,
      "std_return": 0.025579595349246153,
      "sharpe": 1.2966803360761396,
      "p25": 0.0162644318958385,
      "p75": 0.0412179893222332
    }
  },
  "day": {
    "S": {
      "count": 560,
      "win_rate": 1.0,
      "avg_return": 0.23243403453370978,
      "median_return": 0.19863710684831914,
      "std_return": 0.18365281675499684,
      "sharpe": 1.265616496608325,
      "p25": 0.1048008380539978,
      "p75": 0.3201884292535089
    },
    "A": {
      "count": 10,
      "win_rate": 1.0,
      "avg_return": 0.12879011867836462,
      "median_return": 0.1010235829378363,
      "std_return": 0.10580776417746257,
      "sharpe": 1.2172085827497088,
      "p25": 0.0489696824184912,
      "p75": 0.1677855090224403
    },
    "B": {
      "count": 5,
      "win_rate": 1.0,
      "avg_return": 0.07007471543469689,
      "median_return": 0.0356532084169826,
      "std_return": 0.08931813129877898,
      "sharpe": 0.7845519651579952,
      "p25": 0.0183265457238059,
      "p75": 0.0501886877725803
    },
    "C": {
      "count": 398,
      "win_rate": 1.0,
      "avg_return": 0.17541329583435666,
      "median_return": 0.13508679669448248,
      "std_return": 0.15299769010244282,
      "sharpe": 1.14650943891313,
      "p25": 0.051342189421729204,
      "p75": 0.2634225948490745
    }
  }
}