{
  "version": "v35",
  "optimization_status": "after_optuna",
  "optimization_date": "2025-11-06T19:40:04.520430",
  "n_trials": 500,
  "best_trial": 499,
  "best_params": {
    "mfi_bull_strong": 54,
    "mfi_bull_moderate": 46,
    "mfi_sideways_up": 46,
    "mfi_bear_moderate": 40,
    "mfi_bear_strong": 32,
    "adx_strong_trend": 23,
    "adx_moderate_trend": 18,
    "momentum_rsi_bull_strong": 57,
    "momentum_rsi_bull_moderate": 55,
    "breakout_threshold": 0.005519511074951627,
    "breakout_volume_mult": 1.2674849688495913,
    "range_support_zone": 0.16248550583207724,
    "range_rsi_oversold": 41,
    "tp_bull_strong_1": 0.059059080932155776,
    "tp_bull_strong_2": 0.11003980130968967,
    "tp_bull_strong_3": 0.17858402870397502,
    "trailing_bull_strong": 0.04265481186126246,
    "tp_bull_moderate_1": 0.029086208407194888,
    "tp_bull_moderate_2": 0.09029460152621796,
    "tp_bull_moderate_3": 0.12053838837026624,
    "trailing_bull_moderate": 0.021979193691166365,
    "tp_sideways_1": 0.020241661846591975,
    "tp_sideways_2": 0.04527816550275907,
    "tp_sideways_3": 0.07043199106136,
    "stop_loss": -0.0211396744490217,
    "exit_fraction_1": 0.30032566292891705,
    "exit_fraction_2": 0.39283066831927765,
    "position_size": 0.6998779096285253,
    "use_rsi_bb": false,
    "use_stoch": true,
    "use_volume_breakout": true,
    "rsi_bb_oversold": 26,
    "rsi_bb_overbought": 72,
    "stoch_oversold": 21,
    "stoch_overbought": 84,
    "volume_breakout_mult": 2.0885190655821484
  },
  "results": {
    "2023": {
      "initial_capital": 10000000,
      "final_capital": 11799407.281021792,
      "total_return": 17.994072810217922,
      "buy_hold_return": 94.87682356179467,
      "excess_return": -76.88275075157674,
      "total_trades": 13,
      "wins": 6,
      "losses": 7,
      "win_rate": 46.15384615384615,
      "avg_profit": 7.14752028294109,
      "avg_loss": -11.418760111625886,
      "sharpe_ratio": 1.1853827472321163,
      "max_drawdown": -7.710066836611857,
      "profit_factor": 0.536524622368507
    },
    "2024": {
      "initial_capital": 10000000,
      "final_capital": 13646806.9303866,
      "total_return": 36.46806930386599,
      "buy_hold_return": 134.7577377506895,
      "excess_return": -98.28966844682351,
      "total_trades": 11,
      "wins": 6,
      "losses": 5,
      "win_rate": 54.54545454545454,
      "avg_profit": 12.37360899217645,
      "avg_loss": -21.443285458780032,
      "sharpe_ratio": 2.034895712371552,
      "max_drawdown": -8.097624862544576,
      "profit_factor": 0.6924466317978357
    },
    "2025": {
      "initial_capital": 10000000,
      "final_capital": 12437855.111642465,
      "total_return": 24.37855111642465,
      "buy_hold_return": 5.562651679652573,
      "excess_return": 18.815899436772078,
      "total_trades": 5,
      "wins": 2,
      "losses": 3,
      "win_rate": 40.0,
      "avg_profit": 4.552722005578705,
      "avg_loss": -8.73706860047676,
      "sharpe_ratio": 2.6120717038635126,
      "max_drawdown": -2.6294499978035524,
      "profit_factor": 0.34738745253225045
    }
  }
}