{
  "total_return_pct": 96.69882874792376,
  "final_capital": 19669882.874792375,
  "total_trades": 46,
  "win_rate": 47.82608695652174,
  "avg_win_pct": 7.244964324297539,
  "avg_loss_pct": -3.5077276106362585,
  "max_drawdown": -23.75507448804253,
  "avg_hold_days": 3.9347826086956523,
  "exit_reasons": {
    "SL": 24,
    "TP": 22
  },
  "market_states": {
    "SIDEWAYS": 16,
    "BULL_STRONG": 14,
    "BULL_MODERATE": 9,
    "BEAR_MODERATE": 7
  }
}