{
  "strategy": "B (minute240)",
  "return": 113.86207624246777,
  "sharpe": 1.9457809824757226,
  "mdd": 27.137918892284624,
  "layer2_trades": 2
}