{
  "strategy": "A (minute60)",
  "return": 108.74475993521911,
  "sharpe": 1.8998349526262304,
  "mdd": 27.676020284056037,
  "layer2_trades": 3
}